Start,GetPodsTime,Wanted,Running,Creating,Pending,Terminating,Error,Total Active Memory,Total Free Memory,Total Available,Total Buffers,Total Cached,Active,0,1,2,3,Free,0,1,2,3,Available,0,1,2,3,Buffers,0,1,2,3,Cached,0,1,2,3
1,0,0,0,0,0,1,0,42668384,69458880,107222392,7920,38640108,,6721360,14393836,13725308,7827880,,23085340,12254608,12847676,21271256,,30504180,23283408,23719900,29714904,,1980,1980,1980,1980,,7419160,11329168,11176180,8715600
4,0,1,0,1,0,0,0,42726548,69432284,107195260,7920,38639548,,6773684,14394464,13728512,7829888,,23045436,12265636,12839444,21281768,,30463428,23294500,23711904,29725428,,1980,1980,1980,1980,,7418272,11329232,11176424,8715620
6,1,2,0,2,0,0,0,43186496,68995428,106759128,7920,39060448,,7007920,14400432,13696436,8081708,,22809236,12255864,12882732,21047596,,30227648,23284856,23755280,29491344,,1980,1980,1980,1980,,7646332,11329356,11176512,8908248
9,0,3,0,3,0,0,0,43528196,68612272,106376776,7920,39355248,,7064964,14399540,13889172,8174520,,22726460,12242724,12698840,20944248,,30145044,23272064,23571660,29388008,,1980,1980,1980,1980,,7725560,11329712,11290676,9009300
12,0,4,0,4,0,0,0,43777856,68360564,106006908,7920,39541620,,7117796,14413488,14028604,8217968,,22679040,12244836,12548140,20888548,,30097760,23155684,23421132,29332332,,1980,1980,1980,1980,,7780808,11271928,11439612,9049272
14,0,5,1,4,0,0,0,44400484,67711532,105359204,7920,40092284,,7337524,14601340,14075644,8385976,,22460852,12053004,12484984,20712692,,29880240,22963996,23358436,29156532,,1980,1980,1980,1980,,7917180,11457956,11498780,9218368
17,0,6,2,4,0,0,0,45097152,67038204,104694672,7920,40732824,,7559892,14664920,14209744,8662596,,22220568,11997024,12351484,20469128,,29640520,22908188,23225224,28920740,,1980,1980,1980,1980,,8155016,11528924,11617964,9430920
20,0,7,2,5,0,0,0,45572372,66529188,104186948,7920,41177788,,7620012,14735080,14464516,8752764,,22162408,11903168,12097472,20366140,,29582572,22814744,22971880,28817752,,1980,1980,1980,1980,,8225736,11596288,11823416,9532348
23,0,8,4,4,0,0,0,46118384,65976988,103641324,7920,41652252,,7695556,14993804,14601940,8827084,,22076000,11646508,11963776,20290704,,29496760,22560700,22838668,28745196,,1980,1980,1980,1980,,8298852,11790384,11957280,9605736
25,1,9,5,4,0,0,0,46654160,65440948,103107164,7920,42120996,,7892700,15147440,14662336,8951684,,21892132,11497160,11892548,20159108,,29313420,22412244,22767888,28613612,,1980,1980,1980,1980,,8417396,11965664,12009204,9728732
28,0,10,6,4,0,0,0,47307396,64752300,102420100,7920,42742576,,8106752,15215204,14777996,9207444,,21663452,11418880,11778036,19891932,,29085372,22334284,22653932,28346512,,1980,1980,1980,1980,,8645536,12031816,12146548,9918676
31,0,11,7,4,0,0,0,47817924,64245164,101916192,7920,43187408,,8172524,15295564,15048136,9301700,,21591084,11338444,11508216,19807420,,29013196,22254276,22386700,28262020,,1980,1980,1980,1980,,8727552,12097996,12339580,10022280
34,0,12,8,4,0,0,0,48296068,63752376,101425008,7920,43609180,,8226920,15574544,15161812,9332792,,21541816,11061068,11388844,19760648,,28964352,21977396,22267992,28215268,,1980,1980,1980,1980,,8779324,12312772,12458856,10058228
36,1,13,9,4,0,0,0,48847272,63172620,100846848,7920,44120600,,8444328,15698348,15198012,9506584,,21326576,10915312,11339176,19591556,,28749812,21832192,22218608,28046236,,1980,1980,1980,1980,,8918124,12467696,12510604,10224176
39,0,14,10,4,0,0,0,49559192,62473344,100149540,7920,44751580,,8669000,15774328,15355404,9760460,,21098112,10841756,11191652,19341824,,28522008,21759224,22071732,27796576,,1980,1980,1980,1980,,9155696,12528244,12654428,10413212
42,0,15,11,4,0,0,0,49993196,62008440,99685860,7920,45125848,,8731824,15803296,15601280,9856796,,21025852,10818576,10926356,19237656,,28449980,21736180,21807216,27692484,,1980,1980,1980,1980,,9225380,12547096,12835556,10517816
45,0,16,12,4,0,0,0,50518844,61468268,99147968,7920,45603416,,8804680,16104272,15710972,9898920,,20951308,10512880,10836040,19168040,,28375888,21431444,21717624,27623012,,1980,1980,1980,1980,,9297124,12779780,12968572,10557940
48,0,17,13,4,0,0,0,51135636,60814324,98497184,7920,46131124,,8995492,16295820,15772828,10071496,,20754432,10299100,10745224,19015568,,28179648,21218196,21627148,27472192,,1980,1980,1980,1980,,9405160,12973484,13020892,10731588
50,1,18,14,4,0,0,0,51822976,60102696,97791936,7920,46781356,,9218460,16340504,15925704,10338308,,20514856,10245648,10602352,18739840,,27940692,21165348,21484812,27201084,,1980,1980,1980,1980,,9644104,13036464,13166144,10934644
53,0,19,15,4,0,0,0,52368748,59610968,97301948,7920,47259732,,9284204,16463176,16187464,10433904,,20462464,10147944,10341136,18659424,,27888468,21068088,21224460,27120932,,1980,1980,1980,1980,,9719488,13142616,13357752,11039876
56,0,20,16,4,0,0,0,52846056,59096904,96792164,7920,47675648,,9356740,16707900,16298752,10482664,,20392088,9891176,10220856,18592784,,27819400,20812472,21104620,27055672,,1980,1980,1980,1980,,9790920,13320800,13477844,11086084
59,0,21,17,4,0,0,0,53383472,58531264,96228616,7920,48143316,,9549256,16844252,16350832,10639132,,20191564,9749832,10154280,18435588,,27619592,20671656,21038468,26898900,,1980,1980,1980,1980,,9906852,13474060,13524696,11237708
62,0,22,18,4,0,0,0,54121948,57773520,95474288,7920,48814644,,9780708,16909284,16523528,10908428,,19947204,9680060,9987584,18158672,,27375804,20602260,20873692,26622532,,1980,1980,1980,1980,,10134788,13540264,13695844,11443748
65,0,23,19,4,0,0,0,54568400,57348484,95054700,7920,49233808,,9838580,17000428,16742036,10987356,,19887780,9597304,9777228,18086172,,27316564,20519848,20668016,26550272,,1980,1980,1980,1980,,10216124,13625456,13848932,11543296
67,1,24,20,4,0,0,0,55074148,56839588,94550068,7920,49688172,,9909748,17270216,16856452,11037732,,19813928,9338572,9666324,18020764,,27244448,20261808,20557476,26486336,,1980,1980,1980,1980,,10291008,13833752,13976504,11586908
70,0,25,21,4,0,0,0,55624476,56243764,93956668,7920,50157856,,10109076,17420672,16904988,11189740,,19621268,9161164,9595284,17866048,,27052324,20085320,20487008,26332016,,1980,1980,1980,1980,,10409108,13987324,14023580,11737844
73,0,26,22,4,0,0,0,56320932,55548676,93265240,7920,50803052,,10336912,17466456,17064156,11453408,,19391380,9105884,9449484,17601928,,26823204,20030332,20343228,26068476,,1980,1980,1980,1980,,10647652,14042320,14179956,11933124
76,0,27,23,4,0,0,0,56835356,54978456,92697916,7920,51272484,,10402584,17582920,17306276,11543576,,19306744,8990500,9180888,17500324,,26738772,19916572,20075444,25967128,,1980,1980,1980,1980,,10723508,14150896,14358724,12039356
79,0,28,24,4,0,0,0,57288368,54527612,92252400,7920,51683248,,10498288,17823864,17386800,11579416,,19212160,8746496,9106568,17462388,,26646140,19673508,20001652,25931100,,1980,1980,1980,1980,,10801004,14330280,14480184,12071780
82,0,29,25,4,0,0,0,57836332,53946732,91675140,7920,52159316,,10664968,17970440,17452156,11748768,,19036668,8589616,9024716,17295732,,26471264,19517320,19920056,25766500,,1980,1980,1980,1980,,10911824,14484616,14522704,12240172
84,1,30,26,4,0,0,0,58502008,53277412,91009176,7920,52772660,,10885436,18032228,17577136,12007208,,18809388,8527572,8917088,17023364,,26244584,19455504,19814296,25494792,,1980,1980,1980,1980,,11147332,14544352,14647756,12433220
87,0,31,27,4,0,0,0,59000876,52817312,90552912,7920,53238060,,10956632,18112388,17833248,12098608,,18744456,8464244,8661372,16947240,,26179844,19394720,19559388,25418960,,1980,1980,1980,1980,,11222120,14624392,14855984,12535564
90,0,32,28,4,0,0,0,59499412,52257312,89996356,7920,53649988,,11022564,18382612,17954152,12140084,,18670596,8177104,8521960,16887652,,26107808,19108464,19420560,25359524,,1980,1980,1980,1980,,11284780,14813152,14978364,12573692
93,0,33,29,4,0,0,0,60002264,51773116,89515656,7920,54146720,,11161880,18552380,17989000,12299004,,18553880,8015524,8474736,16728976,,25991612,18947408,19373748,25202888,,1980,1980,1980,1980,,11410680,14981160,15024772,12730108
95,1,34,30,4,0,0,0,60678908,51079260,88826916,7920,54692904,,11449868,18609488,18311128,12308424,,18259792,7940888,8164380,16714200,,25698200,18872980,19067540,25188196,,1980,1980,1980,1980,,11638932,15048540,15263676,12741756
98,0,35,31,4,0,0,0,61253600,50512040,88263356,7920,55249396,,11511468,18698592,18481916,12561624,,18191076,7848396,8005036,16467532,,25629676,18782696,18908840,24942144,,1980,1980,1980,1980,,11717568,15133468,15460536,12937824
101,0,36,32,4,0,0,0,61694180,50038088,87792720,7920,55620444,,11565432,18936836,18541248,12650664,,18122964,7619020,7917716,16378388,,25563444,18554088,18821904,24853284,,1980,1980,1980,1980,,11770496,15305304,15509332,13035312
104,0,37,33,4,0,0,0,62165064,49514640,87272244,7920,56005244,,11786784,19107828,18574476,12695976,,17897836,7439072,7883768,16293964,,25338968,18374836,18789456,24768984,,1980,1980,1980,1980,,11914280,15477644,15536988,13076332
106,1,38,33,5,0,0,0,62959024,48754216,86518748,7920,56751096,,12011844,19171512,18726852,13048816,,17662028,7379956,7749996,15962236,,25103812,18318200,18656856,24439880,,1980,1980,1980,1980,,12148904,15548280,15696592,13357320
109,0,39,35,4,0,0,0,63394460,48287408,86053592,7920,57168584,,12080052,19162896,18949976,13201536,,17598860,7374696,7508700,15805152,,25040872,18313480,18416084,24283156,,1980,1980,1980,1980,,12227884,15571392,15850724,13518584
112,0,40,35,5,0,0,0,63903044,47770992,85541984,7920,57609556,,12160740,19419752,19062592,13259960,,17512584,7118360,7404292,15735756,,24956532,18059472,18312012,24213968,,1980,1980,1980,1980,,12307156,15748432,15979068,13574900
115,0,41,37,4,0,0,0,64436864,47208036,84984480,7920,58123456,,12273316,19649292,19113036,13401220,,17398956,6877612,7329508,15601960,,24845252,17819460,18237652,24082116,,1980,1980,1980,1980,,12420268,15966132,16020436,13716620
118,0,42,38,3,1,0,0,64862300,46760364,84542256,7920,58498996,,12578160,19700916,19144536,13438688,,17081820,6819736,7306892,15551916,,24528940,17762508,18216420,24034388,,1980,1980,1980,1980,,12648876,16049072,16049812,13751236
120,1,43,39,2,2,0,0,65185244,46418012,84203108,7920,58787532,,12641756,19776732,19324724,13442032,,17005296,6742944,7122380,15547392,,24452640,17687736,18032860,24029872,,1980,1980,1980,1980,,12729904,16111216,16195000,13751412
123,0,44,40,1,3,0,0,65354648,46247024,84033484,7920,58962680,,12687520,19904020,19327064,13436044,,16967836,6612244,7113564,15553380,,24415796,17557516,18024296,24035876,,1980,1980,1980,1980,,12777744,16237992,16195520,13751424
126,0,45,41,0,4,0,0,65484892,46126052,83913144,7920,59108140,,12834028,19888188,19329192,13433484,,16845016,6637092,7100828,15543116,,24293388,17582460,18011672,24025624,,1980,1980,1980,1980,,12922600,16238292,16195624,13751624
128,1,46,41,0,5,0,0,65504188,46100576,83888372,7920,59109276,,12834788,19904480,19332860,13432060,,16841504,6603224,7102828,15553020,,24289880,17549024,18013920,24035548,,1980,1980,1980,1980,,12922612,16238788,16196176,13751700
131,0,47,41,0,6,0,0,65491556,46104884,83893188,7920,59112624,,12835764,19888532,19332976,13434284,,16812240,6627616,7113712,15551316,,24260720,17573568,18025052,24033848,,1980,1980,1980,1980,,12925000,16239472,16196440,13751712
133,1,48,41,0,7,0,0,65515708,46095960,83884828,7920,59113956,,12840188,19899996,19339160,13436364,,16809972,6622232,7099944,15563812,,24258488,17568380,18011584,24046376,,1980,1980,1980,1980,,12925316,16239708,16196716,13752216
136,0,49,41,0,8,0,0,65520580,46072556,83862144,7920,59115108,,12840460,19904764,19335996,13439360,,16808476,6611956,7103992,15548132,,24257028,17558328,18016056,24030732,,1980,1980,1980,1980,,12925324,16240104,16197376,13752304
139,0,50,41,0,9,0,0,65525324,46070316,83860232,7920,59118092,,12840388,19903984,19338092,13442860,,16813912,6603260,7109236,15543908,,24262472,17549804,18021424,24026532,,1980,1980,1980,1980,,12925580,16240480,16197528,13754504
141,0,51,41,0,10,0,0,65530948,46085044,83875440,7920,59118972,,12836976,19936564,19313844,13443564,,16815532,6591056,7139480,15538976,,24264128,17537936,18051768,24021608,,1980,1980,1980,1980,,12925632,16240828,16197872,13754640
144,0,52,41,0,11,0,0,65488684,46106676,83897524,7920,59119660,,12836988,19893456,19315872,13442368,,16814576,6624400,7120928,15546772,,24263208,17571412,18033492,24029412,,1980,1980,1980,1980,,12925760,16240976,16198272,13754652
146,1,53,41,0,12,0,0,65523612,46067644,83859340,7920,59123236,,12842360,19907796,19328372,13445084,,16812216,6598472,7107592,15549364,,24260868,17546056,18020368,24032048,,1980,1980,1980,1980,,12926056,16241772,16198484,13756924
149,0,54,41,0,13,0,0,65528760,46067872,83863980,7920,59129940,,12844712,19912952,19318088,13453008,,16811756,6590872,7122152,15543092,,24260436,17538524,18035120,24029900,,1980,1980,1980,1980,,12926136,16243904,16198820,13761080
152,0,55,41,0,14,0,0,65541092,46096632,83893340,7920,59131344,,12846344,19915684,19326200,13452864,,16808744,6620040,7117536,15550312,,24257448,17567932,18030828,24037132,,1980,1980,1980,1980,,12926480,16244256,16199512,13761096
154,0,56,41,0,15,0,0,65543696,46084268,83885316,7920,59136084,,12844920,19918508,19330388,13449880,,16807988,6611828,7119012,15545440,,24256704,17563868,18032464,24032280,,1980,1980,1980,1980,,12926592,16248536,16199676,13761280
157,0,57,41,0,16,0,0,65610884,45978068,83781520,7920,59210776,,12916864,19922308,19321204,13450508,,16734948,6590644,7114816,15537660,,24183848,17544816,18028336,24024520,,1980,1980,1980,1980,,12998660,16250724,16200016,13761376
159,1,58,41,0,17,0,0,65664692,45910848,83719148,7920,59245060,,12952596,19933356,19328112,13450628,,16692828,6574464,7108888,15534668,,24145896,17529056,18022648,24021548,,1980,1980,1980,1980,,13031872,16251496,16200308,13761384
162,0,59,41,0,18,0,0,65654312,45944900,83753524,7920,59255192,,12956744,19938136,19306132,13453300,,16694208,6585992,7133280,15531420,,24147324,17540640,18047228,24018332,,1980,1980,1980,1980,,13035972,16256696,16200580,13761944
165,0,60,41,0,19,0,0,65869516,45723148,83533060,7920,59451280,,12956868,20036060,19322892,13553696,,16693200,6482972,7115532,15431444,,24146324,17438168,18029980,23918588,,1980,1980,1980,1980,,13036288,16352316,16201252,13861424
167,0,61,41,0,20,0,0,65980528,45589612,83400064,7920,59559340,,12957116,20034108,19329036,13660268,,16699888,6476916,7094836,15317972,,24153036,17432244,18009404,23805380,,1980,1980,1980,1980,,13038340,16352592,16201368,13967040
170,0,62,41,0,21,0,0,66072988,45539816,83350812,7920,59664504,,13057484,20041116,19313552,13660836,,16598632,6479116,7128520,15333548,,24052012,17434632,18043188,23820980,,1980,1980,1980,1980,,13138800,16356888,16201612,13967204
172,1,63,41,0,22,0,0,66087768,45526832,83338312,7920,59665500,,13056284,20043004,19327760,13660720,,16595636,6494844,7112844,15323508,,24049028,17450588,18027744,23810952,,1980,1980,1980,1980,,13138948,16357264,16202080,13967208
175,0,64,41,0,23,0,0,66161284,45442060,83253844,7920,59743248,,13054544,20044208,19407568,13654964,,16587940,6484880,7044912,15324328,,24041344,17440784,17959944,23811772,,1980,1980,1980,1980,,13143164,16357576,16274776,13967732
178,0,65,41,0,24,0,0,66381660,45246144,83059288,7920,59986000,,13163200,20119616,19438308,13660536,,16499796,6413680,6997092,15335576,,23953428,17370372,17912452,23823036,,1980,1980,1980,1980,,13245648,16459804,16308680,13971868
180,1,66,41,0,25,0,0,66507940,45095968,82911884,7920,60090932,,13165624,20129888,19446280,13766148,,16482132,6381832,6999772,15232232,,23935780,17338680,17915460,23721964,,1980,1980,1980,1980,,13245888,16460192,16309184,14075668
183,0,67,41,0,26,0,0,66514852,45076428,82892732,7920,60095624,,13165116,20136896,19446192,13766648,,16479924,6367696,6997496,15231312,,23933576,17324692,17913416,23721048,,1980,1980,1980,1980,,13245972,16464380,16309428,14075844
186,0,68,41,0,27,0,0,66522388,45065908,82882472,7920,60104324,,13169528,20128712,19447184,13776964,,16473932,6380884,6998892,15212200,,23927608,17337964,17914932,23701968,,1980,1980,1980,1980,,13250100,16464508,16309752,14079964
188,0,69,41,0,28,0,0,66646612,44938364,82755728,7920,60206900,,13171668,20139812,19448684,13886448,,16472976,6369960,6992068,15103360,,23926664,17327376,17908300,23593388,,1980,1980,1980,1980,,13250432,16464968,16309988,14181512
191,0,70,41,0,29,0,0,66632180,44940532,82758220,7920,60208036,,13171012,20134568,19448856,13877744,,16482056,6373464,6982632,15102380,,23935760,17330996,17899052,23592412,,1980,1980,1980,1980,,13250452,16465732,16310248,14181604
194,0,71,41,0,30,0,0,66763812,44828160,82646556,7920,60311420,,13173948,20152724,19558904,13878236,,16477800,6363852,6882052,15104456,,23931504,17321600,17798940,23594512,,1980,1980,1980,1980,,13250772,16466416,16412328,14181904
196,1,72,41,0,31,0,0,66757916,44809448,82628448,7920,60316144,,13172464,20141928,19557752,13885772,,16471464,6362568,6873568,15101848,,23925180,17320452,17790892,23591924,,1980,1980,1980,1980,,13250816,16466564,16412768,14185996
199,0,73,41,0,32,0,0,66852036,44731272,82550708,7920,60402796,,13171668,20147612,19647080,13885676,,16483768,6353704,6796432,15097368,,23937516,17311836,17713892,23587464,,1980,1980,1980,1980,,13251004,16466820,16498504,14186468
202,0,74,41,0,33,0,0,67192076,44375176,82195868,7920,60732620,,13272912,20153112,19777592,13988460,,16380980,6353292,6647980,14992924,,23834964,17311680,17565952,23483272,,1980,1980,1980,1980,,13352108,16467308,16624420,14288784
204,1,75,41,0,34,0,0,67257348,44320568,82141832,7920,60842364,,13267924,20252488,19751356,13985580,,16390964,6267232,6669668,14992704,,23844952,17225908,17587912,23483060,,1980,1980,1980,1980,,13352128,16576576,16624764,14288896
207,0,76,41,0,35,0,0,67446784,44145308,81969796,7920,61022916,,13347912,20355824,19753976,13989072,,16311472,6159716,6673236,15000884,,23767700,17119200,17591648,23491248,,1980,1980,1980,1980,,13429988,16674904,16625040,14292984
210,0,77,41,0,36,0,0,67484384,44147200,81925196,7920,61006192,,13378832,20350796,19764240,13990516,,16270144,6197128,6670612,15009316,,23726480,17109640,17589380,23499696,,1980,1980,1980,1980,,13459444,16628064,16625544,14293140
212,0,78,41,0,37,0,0,67482224,44167764,81946228,7920,61015120,,13378808,20357412,19755324,13990680,,16277752,6194916,6692076,15003020,,23734120,17107608,17611092,23493408,,1980,1980,1980,1980,,13459460,16632288,16630200,14293172
215,0,79,41,0,38,0,0,67602492,44039540,81818348,7920,61121948,,13379424,20466484,19766968,13989616,,16275764,6087480,6676668,14999628,,23732132,17000368,17595804,23490044,,1980,1980,1980,1980,,13459580,16738816,16630356,14293196
218,0,80,41,0,39,0,0,68016840,43600864,81380796,7920,61532748,,13488424,20467052,19870676,14190688,,16159800,6079104,6566444,14795516,,23616384,16992184,17485868,23286360,,1980,1980,1980,1980,,13565112,16739048,16732664,14495924
220,1,81,41,0,40,0,0,68026628,43596724,81377284,7920,61541640,,13492404,20470112,19868908,14195204,,16158980,6083316,6562680,14791748,,23615564,16996668,17482448,23282604,,1980,1980,1980,1980,,13569220,16739312,16733088,14500020
223,0,82,41,0,41,0,0,68109536,43531692,81312804,7920,61617320,,13562908,20470500,19877876,14198252,,16093752,6082088,6550168,14805684,,23550504,16995568,17470144,23296588,,1980,1980,1980,1980,,13635976,16739652,16737408,14504284
226,0,83,41,0,42,0,0,68247804,43381196,81163332,7920,61753724,,13694172,20478636,19876388,14198608,,15956704,6076880,6550980,14796632,,23413764,16990624,17471396,23287548,,1980,1980,1980,1980,,13771328,16740104,16737900,14504392
228,1,84,41,0,43,0,0,68256132,43354380,81136860,7920,61758404,,13695200,20484280,19878076,14198576,,15948192,6068848,6542696,14794644,,23405276,16982788,17463216,23285580,,1980,1980,1980,1980,,13775524,16740412,16738032,14504436
231,0,85,41,0,44,0,0,68245248,43407472,81190340,7920,61759096,,13694904,20489648,19863772,14196924,,15966544,6068504,6583796,14788628,,23423628,16982728,17504412,23279572,,1980,1980,1980,1980,,13775572,16740776,16738152,14504596
234,0,86,41,0,45,0,0,68251168,43369348,81152596,7920,61763728,,13693588,20488352,19875784,14193444,,15960568,6064252,6561004,14783524,,23417680,16978580,17481852,23274484,,1980,1980,1980,1980,,13779688,16740884,16738504,14504652
237,0,87,41,0,46,0,0,68251072,43392816,81176900,7920,61764836,,13696200,20484808,19875180,14194884,,15963580,6077096,6568100,14784040,,23420716,16992088,17489080,23275016,,1980,1980,1980,1980,,13779824,16741672,16738628,14504712
239,0,88,41,0,47,0,0,68269804,43360392,81144860,7920,61765620,,13697356,20488184,19883388,14200876,,15947452,6073396,6557464,14782080,,23404612,16988452,17478732,23273064,,1980,1980,1980,1980,,13779872,16741768,16739152,14504828
242,0,89,41,0,48,0,0,68326864,43297328,81082280,7920,61850684,,13698724,20455788,19970552,14201800,,15947004,6107148,6463588,14779588,,23404168,17022404,17385128,23270580,,1980,1980,1980,1980,,13779900,16741964,16823976,14504844
244,1,90,41,0,49,0,0,68448172,43182920,80967768,7920,61967716,,13697056,20466040,19988108,14296968,,15956356,6087228,6440972,14698364,,23412772,17002536,17362864,23189596,,1980,1980,1980,1980,,13779204,16742228,16840500,14605784
247,0,91,41,0,50,0,0,68646056,42974960,80760404,7920,62156408,,13696592,20555608,20097084,14296772,,15956104,6005880,6322408,14690568,,23412524,16921508,17244560,23181812,,1980,1980,1980,1980,,13779204,16825560,16945824,14605820
250,0,92,41,0,51,0,0,68764508,42872172,80658548,7920,62285668,,13797844,20569952,20100940,14295772,,15853800,5990416,6326860,14701096,,23310440,16906460,17249296,23192352,,1980,1980,1980,1980,,13880180,16849300,16950368,14605820
253,0,93,41,0,52,0,0,68795172,42829228,80615984,7920,62294404,,13806468,20581692,20103036,14303976,,15845524,5975204,6331308,14677192,,23302196,16891308,17254000,23168480,,1980,1980,1980,1980,,13884316,16849400,16950632,14610056
255,0,94,41,0,53,0,0,68805204,42821108,80608668,7920,62316416,,13826516,20570724,20103916,14304048,,15820104,5986332,6322256,14692416,,23276784,16902736,17245424,23183724,,1980,1980,1980,1980,,13905480,16849764,16951092,14610080
258,0,95,41,0,54,0,0,69102912,42512600,80301140,7920,62600244,,13907788,20683284,20104484,14407356,,15738496,5874536,6310392,14589176,,23195420,16791296,17233672,23080752,,1980,1980,1980,1980,,13986532,16951452,16951200,14711060
261,0,96,41,0,55,0,0,69095272,42505680,80294644,7920,62600864,,13905496,20670908,20112228,14406640,,15731624,5885040,6307532,14581484,,23188560,16802124,17230892,23073068,,1980,1980,1980,1980,,13986556,16951800,16951352,14711156
263,1,97,41,0,56,0,0,69214500,42395376,80184996,7920,62711504,,13909436,20686456,20213660,14404948,,15728120,5863496,6219948,14583812,,23185068,16780724,17143796,23075408,,1980,1980,1980,1980,,13990692,16956088,17053552,14711172
266,0,98,41,0,57,0,0,69276768,42324600,80115240,7920,62820384,,14012356,20666244,20188440,14409728,,15633124,5880536,6234424,14576516,,23090292,16798312,17158488,23068148,,1980,1980,1980,1980,,14091576,16956728,17056688,14715392
269,0,99,41,0,58,0,0,69300924,42293424,80084332,7920,62820756,,14015284,20677748,20199032,14408860,,15626576,5869008,6222808,14575032,,23083772,16786804,17147088,23066668,,1980,1980,1980,1980,,14091588,16956772,17056980,14715416
271,1,100,41,0,59,0,0,69425012,42195740,79987400,7920,62923488,,14016544,20686264,20312056,14410148,,15636288,5864380,6112324,14582748,,23093524,16782420,17037052,23074404,,1980,1980,1980,1980,,14091604,16957080,17159380,14715424
274,0,101,41,0,60,0,0,69400108,42210204,80002132,7920,62928000,,14015116,20675460,20298732,14410800,,15631304,5875792,6129756,14573352,,23088548,16793880,17054680,23065024,,1980,1980,1980,1980,,14095724,16957160,17159588,14715528
277,0,102,41,0,61,0,0,69415336,42169000,79961128,7920,62932512,,14015192,20679248,20307092,14413804,,15628280,5863176,6107060,14570484,,23085536,16781320,17032108,23062164,,1980,1980,1980,1980,,14095836,16957256,17163880,14715540
279,1,103,41,0,62,0,0,69507228,42075848,79868928,7920,63039652,,14015540,20787372,20290908,14413408,,15626768,5754924,6125408,14568748,,23084048,16673744,17050708,23060428,,1980,1980,1980,1980,,14095872,17064004,17164144,14715632
282,0,104,41,0,63,0,0,69519212,42100920,79894356,7920,63040548,,14020148,20787272,20295800,14415992,,15620856,5770000,6145540,14564524,,23078156,16688880,17071092,23056228,,1980,1980,1980,1980,,14096084,17064088,17164420,14715956
285,0,105,41,0,64,0,0,69515884,42112404,79906640,7920,63041456,,14019016,20800236,20288648,14407984,,15619124,5753420,6158696,14581164,,23076436,16672636,17084700,23072868,,1980,1980,1980,1980,,14096124,17064476,17164880,14715976
287,1,106,41,0,65,0,0,69633912,42000844,79795548,7920,63144020,,14018832,20803556,20403468,14408056,,15628896,5768516,6018424,14585008,,23086212,16687852,16944744,23076740,,1980,1980,1980,1980,,14096132,17064616,17267200,14716072
290,0,107,41,0,66,0,0,69643864,41940336,79735476,7920,63144700,,14018292,20810704,20406868,14408000,,15621304,5734324,6006632,14578076,,23078636,16653976,16933048,23069816,,1980,1980,1980,1980,,14096160,17065084,17267304,14716152
293,0,108,41,0,67,0,0,69650032,41929808,79725336,7920,63145248,,14017940,20811012,20412844,14408236,,15619728,5727464,6013936,14568680,,23077064,16647228,16940612,23060432,,1980,1980,1980,1980,,14096244,17065268,17267556,14716180
295,0,109,41,0,68,0,0,69630888,41950844,79746632,7920,63145644,,14018516,20801692,20405572,14405108,,15621312,5731652,6030208,14567672,,23078656,16651548,16957000,23059428,,1980,1980,1980,1980,,14096252,17065436,17267680,14716276
298,0,110,41,0,69,0,0,69635172,41969344,79765988,7920,63150964,,14020540,20802624,20403368,14408640,,15619880,5745312,6029620,14574532,,23077244,16665792,16956652,23066300,,1980,1980,1980,1980,,14096548,17066048,17272024,14716344
301,0,111,41,0,70,0,0,69760252,41832628,79629916,7920,63251868,,14120216,20806412,20417228,14416396,,15520848,5739356,6001644,14570780,,22978444,16660036,16928884,23062552,,1980,1980,1980,1980,,14196916,17066288,17272236,14716428
303,0,112,41,0,71,0,0,69800516,41786228,79583928,7920,63321508,,14116476,20846708,20420412,14416920,,15528800,5704556,5986580,14566292,,22986408,16625432,16914012,23058076,,1980,1980,1980,1980,,14196916,17135648,17272484,14716460
306,0,113,41,0,72,0,0,69935764,41651084,79449368,7920,63453548,,14115816,20888884,20422040,14509024,,15525564,5668560,5981240,14475720,,22983180,16589608,16908836,22967744,,1980,1980,1980,1980,,14196972,17166984,17272636,14816956
308,1,114,41,0,73,0,0,69937236,41638372,79437284,7920,63457176,,14115824,20890412,20421612,14509388,,15524836,5653436,5988072,14472028,,22982460,16574856,16915900,22964068,,1980,1980,1980,1980,,14197000,17167360,17272860,14819956
311,0,115,41,0,74,0,0,70097176,41481892,79281392,7920,63617136,,14121976,20876224,20425412,14673564,,15522832,5658400,5983988,14316672,,22980472,16579928,16912000,22808992,,1980,1980,1980,1980,,14197024,17167820,17273096,14979196
314,0,116,41,0,75,0,0,70151576,41423724,79223828,7920,63657668,,14119288,20888168,20429560,14714560,,15520828,5647392,5983856,14271648,,22978484,16569124,16912056,22764164,,1980,1980,1980,1980,,14197092,17168076,17273240,15019260
316,1,117,41,0,76,0,0,70163324,41407792,79208496,7920,63662720,,14119924,20896096,20426392,14720912,,15527528,5632364,5980552,14267348,,22985188,16554236,16909184,22759888,,1980,1980,1980,1980,,14197108,17168252,17273672,15023688
319,0,118,41,0,77,0,0,70037396,41542968,79225248,7920,63544252,,14118716,20890880,20306556,14721244,,15532008,5642524,6109588,14258848,,22989680,16564652,16919516,22751400,,1980,1980,1980,1980,,14197116,17168508,17154936,15023692
322,0,119,41,0,78,0,0,70141996,41462544,79145352,7920,63645136,,14218532,20897400,20309460,14716604,,15432016,5638928,6134640,14256960,,22889920,16561272,16944644,22749516,,1980,1980,1980,1980,,14297672,17168732,17155012,15023720
324,0,120,41,0,79,0,0,70100532,41498344,79183632,7920,63647808,,14218720,20882824,20281084,14717904,,15431036,5659184,6147520,14260604,,22888952,16583692,16957804,22753184,,1980,1980,1980,1980,,14297804,17170920,17155324,15023760
327,0,121,41,0,80,0,0,70242332,41372004,79058244,7920,63779816,,14246644,20893784,20285716,14816188,,15413904,5664612,6126784,14166704,,22871872,16589656,16937260,22659456,,1980,1980,1980,1980,,14329452,17171472,17155524,15123368
330,0,122,41,0,81,0,0,70373132,41233876,78920820,7920,63903128,,14317568,20881720,20354272,14819572,,15338548,5667160,6063888,14164280,,22796720,16592292,16874680,22657128,,1980,1980,1980,1980,,14398400,17171560,17208780,15124388
332,0,123,41,0,82,0,0,70520772,41071120,78758760,7920,64053108,,14317424,20996892,20386168,14820288,,15335804,5543376,6027420,14164520,,22793980,16468904,16838476,22657400,,1980,1980,1980,1980,,14398404,17273568,17256736,15124400
335,0,124,41,0,83,0,0,70805856,40793748,78482144,7920,64325852,,14316296,21149764,20421780,14918016,,15333564,5395204,6003492,14061488,,22791764,16321156,16814648,22554576,,1980,1980,1980,1980,,14398480,17422248,17280216,15224908
338,0,125,41,0,84,0,0,70862856,40745324,78438384,7920,64461516,,14319724,21202584,20422808,14917740,,15331060,5356528,5987532,14070204,,22789268,16286896,16798908,22563312,,1980,1980,1980,1980,,14398492,17480612,17357472,15224940
340,0,126,41,0,85,0,0,70879096,40700040,78393736,7920,64491712,,14338848,21216148,20407620,14916480,,15305200,5319376,6006492,14068972,,22763432,16250020,16818200,22562084,,1980,1980,1980,1980,,14419832,17489088,17357848,15224944
343,0,127,41,0,86,0,0,70975704,40597456,78291696,7920,64571220,,14422428,21219096,20415404,14918776,,15221820,5325356,5989696,14060584,,22680280,16256064,16801628,22553724,,1980,1980,1980,1980,,14498984,17489148,17358072,15225016
345,1,128,41,0,87,0,0,71075176,40512364,78207680,7920,64684812,,14415600,21225544,20500484,14933548,,15229504,5324652,5911768,14046440,,22687972,16255700,16724400,22539608,,1980,1980,1980,1980,,14498992,17489480,17459052,15237288
348,0,129,41,0,88,0,0,71225248,40352408,78048116,7920,64826232,,14415540,21222512,20563884,15023312,,15225724,5314688,5856748,13955248,,22684200,16245852,16669420,22448644,,1980,1980,1980,1980,,14499004,17489608,17512012,15325608
351,0,130,41,0,89,0,0,71289640,40299020,77995488,7920,64902416,,14412152,21224616,20629108,15023764,,15231312,5310352,5797024,13960332,,22689804,16241860,16610084,22453740,,1980,1980,1980,1980,,14499028,17489968,17587796,15325624
354,0,131,41,0,90,0,0,71480588,40106876,77804120,7920,65075700,,14512548,21231208,20715116,15021716,,15131044,5308672,5706012,13961148,,22589760,16240284,16519512,22454564,,1980,1980,1980,1980,,14599396,17490068,17660608,15325628
356,0,132,41,0,91,0,0,71485804,40100196,77798164,7920,65076480,,14513832,21232712,20719204,15020056,,15122268,5313472,5692568,13971888,,22581008,16245704,16506140,22465312,,1980,1980,1980,1980,,14599432,17490716,17660696,15325636
359,0,133,41,0,92,0,0,71627032,39977172,77675668,7920,65216076,,14516324,21373732,20718556,15018420,,15131304,5172056,5704892,13968920,,22590052,16104536,16518724,22462356,,1980,1980,1980,1980,,14599444,17630000,17660960,15325672
361,0,134,41,0,93,0,0,71697332,39888236,77587488,7920,65278396,,14515924,21435884,20726744,15018780,,15123448,5101548,5686376,13976864,,22582208,16034544,16500424,22470312,,1980,1980,1980,1980,,14599452,17692104,17661164,15325676
364,0,135,41,0,94,0,0,71786476,39788480,77488132,7920,65367896,,14515820,21524660,20727132,15018864,,15131864,5017724,5674016,13964876,,22590636,15950852,16488304,22458340,,1980,1980,1980,1980,,14599468,17781324,17661408,15325696
366,1,136,41,0,95,0,0,71801812,39793628,77493712,7920,65379348,,14515848,21536876,20726604,15022484,,15130632,5016408,5682600,13963988,,22589408,15949864,16496980,22457460,,1980,1980,1980,1980,,14599468,17792664,17661508,15325708
369,0,137,41,0,96,0,0,71667772,39920832,77502092,7920,65260492,,14515900,21520064,20728788,14903020,,15130528,5030420,5684104,14075780,,22589316,15964148,16498720,22449908,,1980,1980,1980,1980,,14599480,17792964,17661780,15206268
371,1,138,41,0,97,0,0,71809496,39778380,77360064,7920,65383272,,14543224,21520364,20742420,15003488,,15095364,5017100,5676412,13989504,,22554164,15950972,16491268,22363660,,1980,1980,1980,1980,,14621324,17793236,17662024,15306688
374,0,139,41,0,98,0,0,72054844,39525648,77110308,7920,65631200,,14722948,21512948,20812932,15006016,,14914704,5028524,5599320,13983100,,22373988,15964704,16414348,22357268,,1980,1980,1980,1980,,14800296,17795540,17726616,15308748
377,0,140,41,0,99,0,0,72161024,39396392,76981936,7920,65722080,,14776420,21529232,20850740,15004632,,14870312,5000392,5546724,13978964,,22329708,15936688,16362392,22353148,,1980,1980,1980,1980,,14854688,17795676,17762956,15308760
379,1,141,41,0,100,0,0,72303084,39247360,76833752,7920,65868920,,14922744,21519240,20856048,15005052,,14707460,5004216,5548860,13986824,,22167200,15940880,16364652,22361020,,1980,1980,1980,1980,,15001040,17796036,17763072,15308772
382,0,142,41,0,101,0,0,72320968,39250128,76836848,7920,65869368,,14921804,21531612,20861276,15006276,,14715572,4991024,5549872,13993660,,22175320,15927820,16365844,22367864,,1980,1980,1980,1980,,15001052,17796160,17763368,15308788
385,0,143,41,0,102,0,0,72380384,39169732,76756816,7920,65960864,,14922420,21532600,20919608,15005756,,14713904,4986120,5479240,13990468,,22173668,15923004,16295464,22364680,,1980,1980,1980,1980,,15001060,17796276,17854736,15308792
387,1,144,41,0,103,0,0,72471612,39092656,76680760,7920,66067496,,14923760,21618484,20922400,15006968,,14705364,4920832,5461664,14004796,,22165160,15858336,16278236,22379028,,1980,1980,1980,1980,,15001084,17893436,17864164,15308812
390,0,145,41,0,104,0,0,72495500,39082216,76670872,7920,66071944,,14922620,21626872,20933608,15012400,,14712120,4893128,5478908,13998060,,22171920,15830876,16295776,22372300,,1980,1980,1980,1980,,15001096,17897492,17864528,15308828
393,0,146,41,0,105,0,0,72489864,39077592,76666680,7920,66079760,,14930648,21617956,20939796,15001464,,14703564,4913636,5482720,13977672,,22163400,15851492,16299868,22351920,,1980,1980,1980,1980,,15008620,17897520,17864788,15308832
395,1,147,41,0,106,0,0,72567544,38984120,76573668,7920,66172896,,15016448,21623368,20925844,15001884,,14610112,4910572,5478808,13984628,,22070160,15848536,16296080,22358892,,1980,1980,1980,1980,,15101500,17897640,17864908,15308848
398,0,148,41,0,107,0,0,72606960,38927372,76517520,7920,66215328,,15018432,21610480,20938832,15039216,,14602860,4918124,5464028,13942360,,22062940,15856420,16281524,22316636,,1980,1980,1980,1980,,15103640,17897960,17865156,15348572
401,0,149,41,0,108,0,0,72800820,38746740,76337644,7920,66416880,,15017872,21620664,20920564,15241720,,14595064,4917720,5495664,13738292,,22055156,15856152,16313324,22113012,,1980,1980,1980,1980,,15103652,17898100,17865340,15549788
